<metadata xml:lang="en"><Esri><CreaDate>20200514</CreaDate><CreaTime>03014200</CreaTime><ArcGISFormat>1.0</ArcGISFormat><SyncOnce>FALSE</SyncOnce><DataProperties><lineage><Process ToolSource="c:\program files\arcgis\pro\Resources\ArcToolbox\toolboxes\Spatial Analyst Tools.tbx\ExtractValuesToPoints" Date="20200514" Time="030142">ExtractValuesToPoints point_grid_all_100 california_lc_rc_rs_1000.tif C:\Users\raimb\Work\JHU_2020T04_IA\Designed\Project_1_PM-Cal\Point_Grid\point_grid_all_1000.shp NONE VALUE_ONLY</Process><Process ToolSource="c:\program files\arcgis\pro\Resources\ArcToolbox\toolboxes\Data Management Tools.tbx\CalculateField" Date="20200514" Time="030302">CalculateField point_grid_all_1000 RS_LC_1000 !RASTERVALU! PYTHON3 # Text</Process><Process ToolSource="c:\program files\arcgis\pro\Resources\ArcToolbox\toolboxes\Data Management Tools.tbx\DeleteField" Date="20200514" Time="030322">DeleteField point_grid_all_1000 RASTERVALU</Process><Process ToolSource="c:\program files\arcgis\pro\Resources\ArcToolbox\toolboxes\Analysis Tools.tbx\SpatialJoin" Date="20200514" Time="031828">SpatialJoin point_grid_all_1000 ne_10m_coastline "C:\Users\raimb\Work\JHU_2020T04_IA\Designed\Project_1_PM-Cal\ArcGIS Pro\PM-Cal\PM-Cal.gdb\point_grid_all_1000_SpatialJ1" "Join one to one" KEEP_ALL "ELEV "ELEV" true true false 10 Long 0 10,First,#,point_grid_all_1000,ELEV,-1,-1;GEOID "GEOID" true true false 5 Text 0 0,First,#,point_grid_all_1000,GEOID,0,5;POINT_X "POINT_X" true true false 19 Double 0 0,First,#,point_grid_all_1000,POINT_X,-1,-1;POINT_Y "POINT_Y" true true false 19 Double 0 0,First,#,point_grid_all_1000,POINT_Y,-1,-1;RC_LC "RC_LC" true true false 19 Double 0 0,First,#,point_grid_all_1000,RC_LC,-1,-1;COU_POPTOT "COU_POPTOT" true true false 19 Double 0 0,First,#,point_grid_all_1000,COU_POPTOT,-1,-1;COU_POPDEN "COU_POPDEN" true true false 19 Double 0 0,First,#,point_grid_all_1000,COU_POPDEN,-1,-1;COU_POPPOV "COU_POPPOV" true true false 19 Double 0 0,First,#,point_grid_all_1000,COU_POPPOV,-1,-1;COU_POPBLA "COU_POPBLA" true true false 19 Double 0 0,First,#,point_grid_all_1000,COU_POPBLA,-1,-1;COU_POPHIS "COU_POPHIS" true true false 19 Double 0 0,First,#,point_grid_all_1000,COU_POPHIS,-1,-1;RS_LC_100 "RS_LC_100" true true false 254 Text 0 0,First,#,point_grid_all_1000,RS_LC_100,0,254;RS_LC_1000 "RS_LC_1000" true true false 254 Text 0 0,First,#,point_grid_all_1000,RS_LC_1000,0,254" "Closest geodesic" "1000 Kilometers" DISTCOAST</Process><Process ToolSource="c:\program files\arcgis\pro\Resources\ArcToolbox\toolboxes\Analysis Tools.tbx\SpatialJoin" Date="20200514" Time="032431">SpatialJoin point_grid_all_1000_SpatialJ1 area_counties C:\Users\raimb\Work\JHU_2020T04_IA\Designed\Project_1_PM-Cal\Point_Grid\point_grid_final.shp "Join one to one" KEEP_ALL "DISTCOAST "DISTCOAST" true true false 8 Double 0 0,First,#,point_grid_all_1000_SpatialJ1,DISTCOAST,-1,-1;TARGET_FID "TARGET_FID" true true false 4 Long 0 0,First,#,point_grid_all_1000_SpatialJ1,TARGET_FID,-1,-1;ELEV "ELEV" true true false 4 Long 0 0,First,#,point_grid_all_1000_SpatialJ1,ELEV,-1,-1;GEOID "GEOID" true true false 5 Text 0 0,First,#,point_grid_all_1000_SpatialJ1,GEOID,0,5;POINT_X "POINT_X" true true false 8 Double 0 0,First,#,point_grid_all_1000_SpatialJ1,POINT_X,-1,-1;POINT_Y "POINT_Y" true true false 8 Double 0 0,First,#,point_grid_all_1000_SpatialJ1,POINT_Y,-1,-1;RC_LC "RC_LC" true true false 8 Double 0 0,First,#,point_grid_all_1000_SpatialJ1,RC_LC,-1,-1;COU_POPTOT "COU_POPTOT" true true false 8 Double 0 0,First,#,point_grid_all_1000_SpatialJ1,COU_POPTOT,-1,-1;COU_POPDEN "COU_POPDEN" true true false 8 Double 0 0,First,#,point_grid_all_1000_SpatialJ1,COU_POPDEN,-1,-1;COU_POPPOV "COU_POPPOV" true true false 8 Double 0 0,First,#,point_grid_all_1000_SpatialJ1,COU_POPPOV,-1,-1;COU_POPBLA "COU_POPBLA" true true false 8 Double 0 0,First,#,area_counties,POPBLACK5,-1,-1;COU_POPHIS "COU_POPHIS" true true false 8 Double 0 0,First,#,area_counties,POPHISP5,-1,-1;RS_LC_100 "RS_LC_100" true true false 254 Text 0 0,First,#,point_grid_all_1000_SpatialJ1,RS_LC_100,0,254;RS_LC_1000 "RS_LC_1000" true true false 254 Text 0 0,First,#,point_grid_all_1000_SpatialJ1,RS_LC_1000,0,254" Intersect # DISTCOAST</Process><Process ToolSource="c:\program files\arcgis\pro\Resources\ArcToolbox\toolboxes\Data Management Tools.tbx\DeleteField" Date="20200514" Time="032519">DeleteField point_grid_final DISTCOAS_1</Process><Process ToolSource="c:\program files\arcgis\pro\Resources\ArcToolbox\toolboxes\Data Management Tools.tbx\DeleteField" Date="20200514" Time="032526">DeleteField point_grid_final TARGET_F_1</Process><Process ToolSource="c:\program files\arcgis\pro\Resources\ArcToolbox\toolboxes\Data Management Tools.tbx\DeleteField" Date="20200514" Time="032534">DeleteField point_grid_final Join_Count</Process><Process ToolSource="c:\program files\arcgis\pro\Resources\ArcToolbox\toolboxes\Data Management Tools.tbx\DeleteField" Date="20200514" Time="032541">DeleteField point_grid_final TARGET_FID</Process></lineage><itemProps><itemName Sync="TRUE">point_grid_final</itemName><imsContentType Sync="TRUE">002</imsContentType><itemLocation><linkage Sync="TRUE">file://\\DESKTOP-4VMNEQ4\Users\raimb\Work\JHU_2020T04_IA\Designed\Project_1_PM-Cal\Point_Grid\point_grid_final.shp</linkage><protocol Sync="TRUE">Local Area Network</protocol></itemLocation><itemSize Sync="TRUE">0.000</itemSize></itemProps><coordRef><type Sync="TRUE">Projected</type><geogcsn Sync="TRUE">GCS_North_American_1983</geogcsn><csUnits Sync="TRUE">Linear Unit: Meter (1.000000)</csUnits><projcsn Sync="TRUE">NAD_1983_California_Teale_Albers</projcsn><peXml Sync="TRUE">&lt;ProjectedCoordinateSystem xsi:type='typens:ProjectedCoordinateSystem' xmlns:xsi='http://www.w3.org/2001/XMLSchema-instance' xmlns:xs='http://www.w3.org/2001/XMLSchema' xmlns:typens='http://www.esri.com/schemas/ArcGIS/2.5.0'&gt;&lt;WKT&gt;PROJCS[&amp;quot;NAD_1983_California_Teale_Albers&amp;quot;,GEOGCS[&amp;quot;GCS_North_American_1983&amp;quot;,DATUM[&amp;quot;D_North_American_1983&amp;quot;,SPHEROID[&amp;quot;GRS_1980&amp;quot;,6378137.0,298.257222101]],PRIMEM[&amp;quot;Greenwich&amp;quot;,0.0],UNIT[&amp;quot;Degree&amp;quot;,0.0174532925199433]],PROJECTION[&amp;quot;Albers&amp;quot;],PARAMETER[&amp;quot;False_Easting&amp;quot;,0.0],PARAMETER[&amp;quot;False_Northing&amp;quot;,-4000000.0],PARAMETER[&amp;quot;Central_Meridian&amp;quot;,-120.0],PARAMETER[&amp;quot;Standard_Parallel_1&amp;quot;,34.0],PARAMETER[&amp;quot;Standard_Parallel_2&amp;quot;,40.5],PARAMETER[&amp;quot;Latitude_Of_Origin&amp;quot;,0.0],UNIT[&amp;quot;Meter&amp;quot;,1.0],AUTHORITY[&amp;quot;EPSG&amp;quot;,3310]]&lt;/WKT&gt;&lt;XOrigin&gt;-16909700&lt;/XOrigin&gt;&lt;YOrigin&gt;-8597000&lt;/YOrigin&gt;&lt;XYScale&gt;266332319.7555542&lt;/XYScale&gt;&lt;ZOrigin&gt;-100000&lt;/ZOrigin&gt;&lt;ZScale&gt;10000&lt;/ZScale&gt;&lt;MOrigin&gt;-100000&lt;/MOrigin&gt;&lt;MScale&gt;10000&lt;/MScale&gt;&lt;XYTolerance&gt;0.001&lt;/XYTolerance&gt;&lt;ZTolerance&gt;0.001&lt;/ZTolerance&gt;&lt;MTolerance&gt;0.001&lt;/MTolerance&gt;&lt;HighPrecision&gt;true&lt;/HighPrecision&gt;&lt;WKID&gt;3310&lt;/WKID&gt;&lt;LatestWKID&gt;3310&lt;/LatestWKID&gt;&lt;/ProjectedCoordinateSystem&gt;</peXml></coordRef></DataProperties><SyncDate>20200514</SyncDate><SyncTime>03242800</SyncTime><ModDate>20200514</ModDate><ModTime>03242800</ModTime></Esri><dataIdInfo><envirDesc Sync="TRUE">Microsoft Windows 10 Version 10.0 (Build 18363) ; Esri ArcGIS 12.5.1.22081</envirDesc><dataLang><languageCode value="eng" Sync="TRUE"></languageCode><countryCode value="GBR" Sync="TRUE"></countryCode></dataLang><idCitation><resTitle Sync="TRUE">point_grid_final</resTitle><presForm><PresFormCd value="005" Sync="TRUE"></PresFormCd></presForm></idCitation><spatRpType><SpatRepTypCd value="001" Sync="TRUE"></SpatRepTypCd></spatRpType></dataIdInfo><mdLang><languageCode value="eng" Sync="TRUE"></languageCode><countryCode value="GBR" Sync="TRUE"></countryCode></mdLang><distInfo><distFormat><formatName Sync="TRUE">Shapefile</formatName></distFormat><distTranOps><transSize Sync="TRUE">0.000</transSize></distTranOps></distInfo><mdHrLv><ScopeCd value="005" Sync="TRUE"></ScopeCd></mdHrLv><mdHrLvName Sync="TRUE">dataset</mdHrLvName><refSysInfo><RefSystem><refSysID><identCode code="3310" Sync="TRUE"></identCode><idCodeSpace Sync="TRUE">EPSG</idCodeSpace><idVersion Sync="TRUE">6.8(9.2.0)</idVersion></refSysID></RefSystem></refSysInfo><spatRepInfo><VectSpatRep><geometObjs Name="point_grid_final"><geoObjTyp><GeoObjTypCd value="004" Sync="TRUE"></GeoObjTypCd></geoObjTyp><geoObjCnt Sync="TRUE">0</geoObjCnt></geometObjs><topLvl><TopoLevCd value="001" Sync="TRUE"></TopoLevCd></topLvl></VectSpatRep></spatRepInfo><spdoinfo><ptvctinf><esriterm Name="point_grid_final"><efeatyp Sync="TRUE">Simple</efeatyp><efeageom code="1" Sync="TRUE"></efeageom><esritopo Sync="TRUE">FALSE</esritopo><efeacnt Sync="TRUE">0</efeacnt><spindex Sync="TRUE">FALSE</spindex><linrefer Sync="TRUE">FALSE</linrefer></esriterm></ptvctinf></spdoinfo><eainfo><detailed Name="point_grid_final"><enttyp><enttypl Sync="TRUE">point_grid_final</enttypl><enttypt Sync="TRUE">Feature Class</enttypt><enttypc Sync="TRUE">0</enttypc></enttyp><attr><attrlabl Sync="TRUE">FID</attrlabl><attalias Sync="TRUE">FID</attalias><attrtype Sync="TRUE">OID</attrtype><attwidth Sync="TRUE">4</attwidth><atprecis Sync="TRUE">0</atprecis><attscale Sync="TRUE">0</attscale><attrdef Sync="TRUE">Internal feature number.</attrdef><attrdefs Sync="TRUE">Esri</attrdefs><attrdomv><udom Sync="TRUE">Sequential unique whole numbers that are automatically generated.</udom></attrdomv></attr><attr><attrlabl Sync="TRUE">Shape</attrlabl><attalias Sync="TRUE">Shape</attalias><attrtype Sync="TRUE">Geometry</attrtype><attwidth Sync="TRUE">0</attwidth><atprecis Sync="TRUE">0</atprecis><attscale Sync="TRUE">0</attscale><attrdef Sync="TRUE">Feature geometry.</attrdef><attrdefs Sync="TRUE">Esri</attrdefs><attrdomv><udom Sync="TRUE">Coordinates defining the features.</udom></attrdomv></attr><attr><attrlabl Sync="TRUE">Join_Count</attrlabl><attalias Sync="TRUE">Join_Count</attalias><attrtype Sync="TRUE">Integer</attrtype><attwidth Sync="TRUE">10</attwidth><atprecis Sync="TRUE">10</atprecis><attscale Sync="TRUE">0</attscale></attr><attr><attrlabl Sync="TRUE">DISTCOAST</attrlabl><attalias Sync="TRUE">DISTCOAST</attalias><attrtype Sync="TRUE">Double</attrtype><attwidth Sync="TRUE">19</attwidth><atprecis Sync="TRUE">0</atprecis><attscale Sync="TRUE">0</attscale></attr><attr><attrlabl Sync="TRUE">TARGET_FID</attrlabl><attalias Sync="TRUE">TARGET_FID</attalias><attrtype Sync="TRUE">Integer</attrtype><attwidth Sync="TRUE">10</attwidth><atprecis Sync="TRUE">10</atprecis><attscale Sync="TRUE">0</attscale></attr><attr><attrlabl Sync="TRUE">DISTCOAS_1</attrlabl><attalias Sync="TRUE">DISTCOAS_1</attalias><attrtype Sync="TRUE">Double</attrtype><attwidth Sync="TRUE">19</attwidth><atprecis Sync="TRUE">0</atprecis><attscale Sync="TRUE">0</attscale></attr><attr><attrlabl Sync="TRUE">TARGET_F_1</attrlabl><attalias Sync="TRUE">TARGET_F_1</attalias><attrtype Sync="TRUE">Integer</attrtype><attwidth Sync="TRUE">10</attwidth><atprecis Sync="TRUE">10</atprecis><attscale Sync="TRUE">0</attscale></attr><attr><attrlabl Sync="TRUE">ELEV</attrlabl><attalias Sync="TRUE">ELEV</attalias><attrtype Sync="TRUE">Integer</attrtype><attwidth Sync="TRUE">10</attwidth><atprecis Sync="TRUE">10</atprecis><attscale Sync="TRUE">0</attscale></attr><attr><attrlabl Sync="TRUE">GEOID</attrlabl><attalias Sync="TRUE">GEOID</attalias><attrtype Sync="TRUE">String</attrtype><attwidth Sync="TRUE">5</attwidth><atprecis Sync="TRUE">0</atprecis><attscale Sync="TRUE">0</attscale></attr><attr><attrlabl Sync="TRUE">POINT_X</attrlabl><attalias Sync="TRUE">POINT_X</attalias><attrtype Sync="TRUE">Double</attrtype><attwidth Sync="TRUE">19</attwidth><atprecis Sync="TRUE">0</atprecis><attscale Sync="TRUE">0</attscale></attr><attr><attrlabl Sync="TRUE">POINT_Y</attrlabl><attalias Sync="TRUE">POINT_Y</attalias><attrtype Sync="TRUE">Double</attrtype><attwidth Sync="TRUE">19</attwidth><atprecis Sync="TRUE">0</atprecis><attscale Sync="TRUE">0</attscale></attr><attr><attrlabl Sync="TRUE">RC_LC</attrlabl><attalias Sync="TRUE">RC_LC</attalias><attrtype Sync="TRUE">Double</attrtype><attwidth Sync="TRUE">19</attwidth><atprecis Sync="TRUE">0</atprecis><attscale Sync="TRUE">0</attscale></attr><attr><attrlabl Sync="TRUE">COU_POPTOT</attrlabl><attalias Sync="TRUE">COU_POPTOT</attalias><attrtype Sync="TRUE">Double</attrtype><attwidth Sync="TRUE">19</attwidth><atprecis Sync="TRUE">0</atprecis><attscale Sync="TRUE">0</attscale></attr><attr><attrlabl Sync="TRUE">COU_POPDEN</attrlabl><attalias Sync="TRUE">COU_POPDEN</attalias><attrtype Sync="TRUE">Double</attrtype><attwidth Sync="TRUE">19</attwidth><atprecis Sync="TRUE">0</atprecis><attscale Sync="TRUE">0</attscale></attr><attr><attrlabl Sync="TRUE">COU_POPPOV</attrlabl><attalias Sync="TRUE">COU_POPPOV</attalias><attrtype Sync="TRUE">Double</attrtype><attwidth Sync="TRUE">19</attwidth><atprecis Sync="TRUE">0</atprecis><attscale Sync="TRUE">0</attscale></attr><attr><attrlabl Sync="TRUE">COU_POPBLA</attrlabl><attalias Sync="TRUE">COU_POPBLA</attalias><attrtype Sync="TRUE">Double</attrtype><attwidth Sync="TRUE">19</attwidth><atprecis Sync="TRUE">0</atprecis><attscale Sync="TRUE">0</attscale></attr><attr><attrlabl Sync="TRUE">COU_POPHIS</attrlabl><attalias Sync="TRUE">COU_POPHIS</attalias><attrtype Sync="TRUE">Double</attrtype><attwidth Sync="TRUE">19</attwidth><atprecis Sync="TRUE">0</atprecis><attscale Sync="TRUE">0</attscale></attr><attr><attrlabl Sync="TRUE">RS_LC_100</attrlabl><attalias Sync="TRUE">RS_LC_100</attalias><attrtype Sync="TRUE">String</attrtype><attwidth Sync="TRUE">254</attwidth><atprecis Sync="TRUE">0</atprecis><attscale Sync="TRUE">0</attscale></attr><attr><attrlabl Sync="TRUE">RS_LC_1000</attrlabl><attalias Sync="TRUE">RS_LC_1000</attalias><attrtype Sync="TRUE">String</attrtype><attwidth Sync="TRUE">254</attwidth><atprecis Sync="TRUE">0</atprecis><attscale Sync="TRUE">0</attscale></attr></detailed></eainfo><mdDateSt Sync="TRUE">20200514</mdDateSt></metadata>
